Feed-in_tariff	Renewable_energy
Feed-in_tariff	German_Renewable_Energy_Sources_Act
Feed-in_tariff	Efficient_energy_use
Feed-in_tariff	Energy_conservation
Feed-in_tariff	Renewable_energy_commercialization
Climate_change_mitigation	World_energy_consumption
Climate_change_mitigation	Fossil_fuel
Climate_change_mitigation	Renewable_heat
Climate_change_mitigation	Passive_solar_building_design
Climate_change_mitigation	Green_building
Climate_change_mitigation	Greenhouse_gas
Climate_change_mitigation	World_Bank
Climate_change_mitigation	Efficient_energy_use
Climate_change_mitigation	Sustainable_transport
Climate_change_mitigation	Energy_conservation
Climate_change_mitigation	Renewable_energy_commercialization
Climate_change_mitigation	United_Nations_Environment_Programme
Climate_change_mitigation	Earthscan
Climate_change_mitigation	Renewable_energy
Hunter_Lovins	Sustainable_development
Hunter_Lovins	Amory_Lovins
Hunter_Lovins	Natural_Capitalism
Paul_Hawken	Ecosystem_services
Paul_Hawken	Natural_capital
Paul_Hawken	Amory_Lovins
Paul_Hawken	Natural_Capitalism
Clean_Tech_Nation	Renewable_energy_commercialization
Clean_Tech_Nation	Renewable_energy
Energy_accounting	Energy_quality
Energy_accounting	Efficient_energy_use
Ecosystem_services	Climate_change_mitigation
Ecosystem_services	Biodiversity
Ecosystem_services	Economy
Ecosystem_services	Economics
Ecosystem_services	Society
Ecosystem_services	The_Economics_of_Ecosystems_and_Biodiversity
Ecosystem_services	Natural_capital
Circular_economy	Fossil_fuel
Circular_economy	Environmental_economics
Circular_economy	Industrial_ecology
Circular_economy	Sustainable_development
Circular_economy	Renewable_energy
Circular_economy	Sustainable_design
Circular_economy	Biomimetics
Ecology_of_contexts	Agroecology
Postmodernism	Economics
Postmodernism	Society
ISO_14000	Environmental_economics
ISO_14000	Greenhouse_gas
Siemens	Renewable_energy_commercialization
Neoclassical_economics	Economics
Neoclassical_economics	Classical_economics
Neoclassical_economics	Marxian_economics
Market_failure	Fossil_fuel
Market_failure	Equity_(economics)
Market_failure	Neoclassical_economics
Market_failure	Ecological_economics
Market_failure	Marxian_economics
Market_failure	Externality
Michelle_Gale_De_Oliveira	Ecological_economics
Biodiversity	Natural_capital
Biodiversity	Ecosystem_services
Biodiversity	United_Nations_Environment_Programme
Circles_of_Sustainability	Sustainable_development
Green_politics_(environmentalist)	Land_value_tax
Green_politics_(environmentalist)	Environmental_full-cost_accounting
Green_politics_(environmentalist)	Fossil_fuel
Green_politics_(environmentalist)	Green_party
Green_politics_(environmentalist)	Social_ecology
Green_politics_(environmentalist)	Green_anarchism
Green_politics_(environmentalist)	Environmental_movement
Green_politics_(environmentalist)	Peace_movement
Green_politics_(environmentalist)	Anti-globalization_movement
Green_politics_(environmentalist)	Outline_of_green_politics
Green_politics_(environmentalist)	Free-market_environmentalism
Green_politics_(environmentalist)	Biodiversity
Green_politics_(environmentalist)	Eco-capitalism
Green_politics_(environmentalist)	Feminism
Amory_Lovins	Paul_Hawken
Amory_Lovins	Renewable_energy
Amory_Lovins	Hunter_Lovins
Amory_Lovins	Natural_Capitalism
Amory_Lovins	Fossil_fuel
Amory_Lovins	Efficient_energy_use
Amory_Lovins	Energy_policy
Amory_Lovins	Sustainable_development
Amory_Lovins	Renewable_energy_commercialization
World_energy_consumption	Passive_solar_building_design
World_energy_consumption	Feed-in_tariff
World_energy_consumption	Climate_change_mitigation
World_energy_consumption	Greenhouse_gas
World_energy_consumption	Renewable_energy
World_energy_consumption	Member_state_of_the_European_Union
World_energy_consumption	Fossil_fuel
World_energy_consumption	Efficient_energy_use
World_energy_consumption	Energy_policy
World_energy_consumption	Sustainable_energy
World_energy_consumption	Renewable_energy_commercialization
Land_value_tax	Pigovian_tax
Land_value_tax	Classical_economics
Land_value_tax	Natural_resource_economics
Green_building	Passive_solar_building_design
Green_building	Greenhouse_gas
Green_building	Renewable_energy
Green_building	United_Nations_Environment_Programme
Green_building	World_Bank
Green_building	Sustainable_design
Green_building	Sustainable_development
Environmental_full-cost_accounting	Ecological_footprint
Environmental_full-cost_accounting	Fossil_fuel
Environmental_full-cost_accounting	Paul_Hawken
Environmental_full-cost_accounting	Ecolabel
Environmental_full-cost_accounting	Economy
Environmental_full-cost_accounting	Greenhouse_gas
Environmental_full-cost_accounting	Industrial_ecology
Environmental_full-cost_accounting	Waste_management
Environmental_full-cost_accounting	Externality
Greenhouse_gas	Climate_change_mitigation
Greenhouse_gas	World_energy_consumption
Greenhouse_gas	Renewable_energy
Greenhouse_gas	United_Nations_Environment_Programme
Greenhouse_gas	Fossil_fuel
Greenhouse_gas	Efficient_energy_use
Monetary_policy	Neoclassical_economics
Monetary_policy	Economy
Renewable_energy	Siemens
Renewable_energy	World_energy_consumption
Renewable_energy	Fossil_fuel
Renewable_energy	American_Recovery_and_Reinvestment_Act_of_2009
Renewable_energy	Renewable_heat
Renewable_energy	Amory_Lovins
Renewable_energy	Greenhouse_gas
Renewable_energy	World_Bank
Renewable_energy	Efficient_energy_use
Renewable_energy	Renewable_energy_commercialization
Renewable_energy	Climate_change_mitigation
Renewable_energy	Human_development_(humanity)
Renewable_energy	Passive_solar_building_design
Natural_Capitalism	Hunter_Lovins
Natural_Capitalism	Paul_Hawken
Natural_Capitalism	Eco-capitalism
Natural_Capitalism	Natural_capital
Natural_Capitalism	Neoclassical_economics
Natural_Capitalism	Amory_Lovins
Natural_Capitalism	Environmental_protection
Fossil_fuel	Biodiversity
Fossil_fuel	Greenhouse_gas
Fossil_fuel	Renewable_energy
Fossil_fuel	Externality
Environmental_ethics	Human_ecology
Environmental_ethics	Environmental_movement
Environmental_ethics	Ecological_economics
Bank_of_Natural_Capital	Natural_capital
Bank_of_Natural_Capital	The_Economics_of_Ecosystems_and_Biodiversity
Bank_of_Natural_Capital	Ecosystem_services
Economy	Ecosystem_services
Economy	Postmodernism
Economy	Economics
Economy	Globalization
Economy	Ecological_economics
Social_ecology	Biodiversity
Social_ecology	Environmental_movement
Social_ecology	Society
Green_party	Green_politics_(environmentalist)
Green_party	Outline_of_green_politics
Green_party	International_Monetary_Fund
Economics	World_energy_consumption
Economics	Globalization
Economics	Environmental_economics
Economics	Energy_economics
Economics	Neoclassical_economics
Economics	World_Bank
Economics	Equity_(economics)
Economics	Surplus_value
Economics	International_Monetary_Fund
Economics	Monetary_policy
Economics	Classical_economics
Economics	Ecological_economics
Economics	Market_failure
Economics	Economy
Economics	Society
Economics	Externality
Embodied_energy	Virtual_water
Embodied_energy	Energy_accounting
Embodied_energy	Neoclassical_economics
Embodied_energy	Energy_economics
Embodied_energy	Greenhouse_gas
Embodied_energy	Ecological_economics
Human_ecology	Ecosystem_services
Human_ecology	Industrial_ecology
Human_ecology	Social_ecology
Human_ecology	Economics
Human_ecology	Ecological_economics
Human_ecology	Agroecology
Human_ecology	Society
Human_ecology	The_Economics_of_Ecosystems_and_Biodiversity
Human_ecology	Natural_capital
Human_ecology	Ecological_footprint
Pigovian_tax	Land_value_tax
Pigovian_tax	Externality
Energy_conservation	Passive_solar_building_design
Energy_conservation	Fossil_fuel
Energy_conservation	Efficient_energy_use
Energy_conservation	Sustainable_energy
Energy_conservation	Ecolabel
Energy_conservation	Renewable_heat
Waste_management	ISO_14000
Waste_management	Greenhouse_gas
Waste_management	Environment_(biophysical)
Classical_economics	Marxian_economics
Classical_economics	Neoclassical_economics
Exergy	Industrial_ecology
Exergy	World_energy_consumption
Exergy	Economy
Exergy	Embodied_energy
Exergy	Energy_quality
Exergy	Ecological_economics
Earthscan	Amory_Lovins
Earthscan	Natural_Capitalism
Water_resource_management	World_Bank
Equity_(economics)	Economics
Industrial_ecology	Energy_accounting
Industrial_ecology	Circular_economy
Industrial_ecology	ISO_14000
Industrial_ecology	Environmental_full-cost_accounting
Industrial_ecology	Natural_Capitalism
Industrial_ecology	Biomimetics
Industrial_ecology	Economy
Industrial_ecology	Economics
Industrial_ecology	Waste_management
Industrial_ecology	Exergy
Industrial_ecology	Environmental_economics
Industrial_ecology	Ecological_economics
Industrial_ecology	Sustainable_design
Industrial_ecology	Natural_capital
Industrial_ecology	Energy_conservation
Industrial_ecology	Ecolabel
Canal	Globalization
Virtual_water	Water_resource_management
Virtual_water	Embodied_energy
Energy_quality	Energy_accounting
Energy_quality	Sustainable_energy
Energy_quality	Energy_economics
Energy_quality	Postmodernism
Energy_quality	ISO_14000
Energy_quality	Embodied_energy
Energy_quality	Renewable_energy
Energy_quality	Renewable_energy_commercialization
Energy_quality	Exergy
Green_anarchism	Social_ecology
Green_anarchism	Green_politics_(environmentalist)
International_Monetary_Fund	World_Bank
International_Monetary_Fund	Anti-globalization_movement
International_Monetary_Fund	Bretton_Woods_system
International_Monetary_Fund	Globalization
International_Monetary_Fund	United_Nations_Conference_on_Trade_and_Development
German_Renewable_Energy_Sources_Act	Feed-in_tariff
German_Renewable_Energy_Sources_Act	Climate_change_mitigation
German_Renewable_Energy_Sources_Act	World_energy_consumption
German_Renewable_Energy_Sources_Act	Greenhouse_gas
German_Renewable_Energy_Sources_Act	Renewable_energy
German_Renewable_Energy_Sources_Act	Fossil_fuel
German_Renewable_Energy_Sources_Act	Energy_policy
German_Renewable_Energy_Sources_Act	Alternative_energy_indexes
German_Renewable_Energy_Sources_Act	Sustainable_energy
German_Renewable_Energy_Sources_Act	Externality
Efficient_energy_use	Greenhouse_gas
Efficient_energy_use	Passive_solar_building_design
Efficient_energy_use	Green_building
Efficient_energy_use	Renewable_energy
Efficient_energy_use	Fossil_fuel
Efficient_energy_use	Embodied_energy
Efficient_energy_use	Sustainable_transport
Efficient_energy_use	Energy_policy
Efficient_energy_use	Sustainable_energy
Efficient_energy_use	Energy_conservation
Efficient_energy_use	Renewable_heat
Environmental_movement	Paul_Hawken
Environmental_movement	Biodiversity
Environmental_movement	Green_politics_(environmentalist)
Environmental_movement	Chemical_leasing
Environmental_movement	Social_ecology
Environmental_movement	United_Nations_Environment_Programme
Environmental_movement	Green_anarchism
Environmental_movement	Free-market_environmentalism
Environmental_movement	Environmental_protection
Environmental_movement	Ecological_economics
Environmental_movement	Globalization
Environmental_movement	Environment_(biophysical)
Agroecology	Ecosystem_services
Agroecology	Sustainable_development
Agroecology	Ecology_of_contexts
Agroecology	Economics
Agroecology	Ecological_economics
Agroecology	Human_ecology
Agroecology	Environmental_movement
Agroecology	Environmental_economics
Sustainable_transport	Sustainable_development
Sustainable_transport	Renewable_energy
Sustainable_transport	Fossil_fuel
Sustainable_transport	Canal
Sustainable_transport	United_Nations_Environment_Programme
Sustainable_transport	Embodied_energy
Sustainable_transport	Exergy
Sustainable_transport	Greenhouse_gas
World_Bank	Renewable_energy
World_Bank	International_Monetary_Fund
Anti-globalization_movement	Green_politics_(environmentalist)
Anti-globalization_movement	International_Monetary_Fund
Anti-globalization_movement	Economics
Anti-globalization_movement	World_Bank
Anti-globalization_movement	Bretton_Woods_system
Anti-globalization_movement	Globalization
Anti-globalization_movement	Sustainable_development
Anti-globalization_movement	Natural_capital
Lumpenproletariat	Society
Restoration_economy	Ecosystem_services
Energy_policy	Energy_economics
Energy_policy	Fossil_fuel
Energy_policy	Efficient_energy_use
Energy_policy	Energy_conservation
Energy_policy	Renewable_energy
Energy_policy	World_energy_consumption
Energy_policy	Greenhouse_gas
Energy_policy	Renewable_energy_commercialization
Land_management	Water_resource_management
Environmental_protection	Biodiversity
Environmental_protection	Sustainable_development
Environmental_protection	Green_politics_(environmentalist)
Environmental_protection	Green_party
Environmental_protection	United_Nations_Environment_Programme
Environmental_protection	Environmental_movement
Environmental_protection	Natural_capital
Environmental_protection	Environment_(biophysical)
Society	Economy
Bretton_Woods_system	Neoclassical_economics
Bretton_Woods_system	International_Monetary_Fund
Bretton_Woods_system	Monetary_policy
Bretton_Woods_system	World_Bank
Outline_of_green_politics	Sustainable_development
Outline_of_green_politics	Green_politics_(environmentalist)
Outline_of_green_politics	Natural_Capitalism
Outline_of_green_politics	Environmental_protection
Outline_of_green_politics	Social_ecology
Outline_of_green_politics	Green_party
Outline_of_green_politics	Human_ecology
Outline_of_green_politics	Ecological_economics
Outline_of_green_politics	Green_anarchism
Outline_of_green_politics	Environmental_movement
Outline_of_green_politics	Anti-globalization_movement
Outline_of_green_politics	Free-market_environmentalism
Outline_of_green_politics	Peace_movement
Outline_of_green_politics	Eco-capitalism
Outline_of_green_politics	Green_building
Ecological_economics	Paul_Hawken
Ecological_economics	Energy_accounting
Ecological_economics	Ecosystem_services
Ecological_economics	Industrial_ecology
Ecological_economics	Neoclassical_economics
Ecological_economics	Biodiversity
Ecological_economics	Sustainable_development
Ecological_economics	Green_politics_(environmentalist)
Ecological_economics	Natural_Capitalism
Ecological_economics	Human_development_(humanity)
Ecological_economics	Environmental_ethics
Ecological_economics	Economy
Ecological_economics	Ecology_of_contexts
Ecological_economics	Economics
Ecological_economics	Embodied_energy
Ecological_economics	Human_ecology
Ecological_economics	Exergy
Ecological_economics	Earthscan
Ecological_economics	Equity_(economics)
Ecological_economics	Energy_quality
Ecological_economics	Agroecology
Ecological_economics	Society
Ecological_economics	Outline_of_green_politics
Ecological_economics	Environmental_economics
Ecological_economics	Energy_economics
Ecological_economics	The_Economics_of_Ecosystems_and_Biodiversity
Ecological_economics	Natural_resource_economics
Ecological_economics	Natural_capital
Ecological_economics	Green_accounting
Ecological_economics	Environment_(biophysical)
Ecological_economics	Virtual_water
Ecological_economics	Externality
Sustainable_design	Passive_solar_building_design
Sustainable_design	Circular_economy
Sustainable_design	Industrial_ecology
Sustainable_design	Biodiversity
Sustainable_design	Circles_of_Sustainability
Sustainable_design	Green_building
Sustainable_design	Biomimetics
Sustainable_design	Economy
Sustainable_design	Ecosystem_services
Sustainable_design	Sustainable_development
Sustainable_design	Waste_management
Sustainable_design	Sustainable_transport
Sustainable_design	Agroecology
Sustainable_design	Fossil_fuel
Sustainable_design	Renewable_heat
Free-market_environmentalism	Market_failure
Free-market_environmentalism	Land_value_tax
Free-market_environmentalism	Natural_Capitalism
Free-market_environmentalism	Pigovian_tax
Free-market_environmentalism	Green_anarchism
Free-market_environmentalism	Biodiversity
Free-market_environmentalism	Environmental_economics
Free-market_environmentalism	Eco-capitalism
Free-market_environmentalism	Natural_resource_economics
Free-market_environmentalism	Externality
Peace_movement	Feminism
Peace_movement	Green_party
Peace_movement	Environmental_movement
Marxian_economics	Surplus_value
Globalization	World_Bank
Globalization	International_Monetary_Fund
Globalization	Energy_conservation
Globalization	Anti-globalization_movement
Globalization	Biodiversity
Globalization	Member_state_of_the_European_Union
Globalization	Economy
Globalization	Society
Globalization	Environment_(biophysical)
Alternative_energy_indexes	Biodiversity
Alternative_energy_indexes	Efficient_energy_use
Alternative_energy_indexes	Sustainable_energy
Alternative_energy_indexes	Waste_management
Environmental_economics	Climate_change_mitigation
Environmental_economics	Biodiversity
Environmental_economics	Sustainable_development
Environmental_economics	Natural_Capitalism
Environmental_economics	Ecosystem_services
Environmental_economics	Social_ecology
Environmental_economics	Economics
Environmental_economics	Equity_(economics)
Environmental_economics	ISO_14000
Environmental_economics	Agroecology
Environmental_economics	Anti-globalization_movement
Environmental_economics	Society
Environmental_economics	Ecological_economics
Environmental_economics	Free-market_environmentalism
Environmental_economics	Globalization
Environmental_economics	Eco-capitalism
Environmental_economics	Energy_economics
Environmental_economics	Natural_resource_economics
Environmental_economics	Market_failure
Environmental_economics	Natural_capital
Environmental_economics	Environment_(biophysical)
Environmental_economics	Externality
Eco-capitalism	Fossil_fuel
Eco-capitalism	Paul_Hawken
Eco-capitalism	Sustainable_energy
Eco-capitalism	Hunter_Lovins
Eco-capitalism	Natural_capital
Eco-capitalism	Free-market_environmentalism
Eco-capitalism	Amory_Lovins
Eco-capitalism	Natural_resource_economics
Eco-capitalism	Environmental_full-cost_accounting
Eco-capitalism	Pigovian_tax
Eco-capitalism	Greenhouse_gas
Eco-capitalism	Renewable_energy
Eco-capitalism	Natural_Capitalism
Eco-capitalism	Environmental_economics
Eco-capitalism	Ecological_economics
Sustainable_energy	Sustainable_development
Sustainable_energy	Greenhouse_gas
Sustainable_energy	Renewable_energy
Sustainable_energy	United_Nations_Environment_Programme
Sustainable_energy	Siemens
Sustainable_energy	Fossil_fuel
Sustainable_energy	Efficient_energy_use
Energy_economics	Natural_resource_economics
Energy_economics	Environmental_economics
Energy_economics	Energy_accounting
Energy_economics	Industrial_ecology
Energy_economics	Economics
Energy_economics	Embodied_energy
Energy_economics	World_energy_consumption
Energy_economics	Energy_policy
Energy_economics	Society
Energy_economics	Ecological_economics
The_Economics_of_Ecosystems_and_Biodiversity	Biodiversity
The_Economics_of_Ecosystems_and_Biodiversity	Ecosystem_services
The_Economics_of_Ecosystems_and_Biodiversity	Bank_of_Natural_Capital
The_Economics_of_Ecosystems_and_Biodiversity	Green_accounting
The_Economics_of_Ecosystems_and_Biodiversity	Waste_management
The_Economics_of_Ecosystems_and_Biodiversity	Market_failure
The_Economics_of_Ecosystems_and_Biodiversity	Natural_capital
The_Economics_of_Ecosystems_and_Biodiversity	United_Nations_Environment_Programme
The_Economics_of_Ecosystems_and_Biodiversity	Sustainable_development
The_Economics_of_Ecosystems_and_Biodiversity	World_Bank
The_Economics_of_Ecosystems_and_Biodiversity	Renewable_energy
Sustainable_development	Ecosystem_services
Sustainable_development	Greenhouse_gas
Sustainable_development	Natural_capital
Sustainable_development	Climate_change_mitigation
Sustainable_development	Renewable_energy
Sustainable_development	Human_development_(humanity)
Sustainable_development	Environmental_protection
Sustainable_development	Economy
Sustainable_development	Human_ecology
Sustainable_development	Sustainable_transport
Sustainable_development	Agroecology
Sustainable_development	World_Bank
Sustainable_development	Environmental_movement
Sustainable_development	Society
Sustainable_development	Ecological_economics
Sustainable_development	Free-market_environmentalism
Sustainable_development	Biodiversity
Sustainable_development	Circles_of_Sustainability
Sustainable_development	Circular_economy
Sustainable_development	Ecological_footprint
United_Nations_Conference_on_Trade_and_Development	World_Bank
United_Nations_Conference_on_Trade_and_Development	International_Monetary_Fund
Natural_resource_economics	Energy_accounting
Natural_resource_economics	Industrial_ecology
Natural_resource_economics	Sustainable_development
Natural_resource_economics	Land_value_tax
Natural_resource_economics	Economy
Natural_resource_economics	Economics
Natural_resource_economics	Ecological_economics
Natural_resource_economics	Environmental_economics
Value_of_life	Globalization
Value_of_life	Economics
Value_of_life	Anti-globalization_movement
Value_of_life	International_Monetary_Fund
Value_of_life	World_Bank
Value_of_life	Externality
Shel_Horowitz	Sustainable_energy
Shel_Horowitz	Jay_Conrad_Levinson
Shel_Horowitz	Environmental_movement
Feminism	Peace_movement
American_Recovery_and_Reinvestment_Act_of_2009	Renewable_energy
American_Recovery_and_Reinvestment_Act_of_2009	Efficient_energy_use
Natural_capital	Environmental_economics
Natural_capital	Energy_accounting
Natural_capital	The_Economics_of_Ecosystems_and_Biodiversity
Natural_capital	Ecosystem_services
Natural_capital	Sustainable_development
Natural_capital	Amory_Lovins
Natural_capital	Environmental_full-cost_accounting
Natural_capital	Ecological_economics
Natural_capital	Hunter_Lovins
Natural_capital	Environmental_protection
Natural_capital	Natural_Capitalism
Natural_capital	Paul_Hawken
Green_accounting	Environmental_economics
Green_accounting	Natural_capital
Green_accounting	Environmental_protection
Green_accounting	Ecological_economics
Index_(economics)	Economics
Ecological_footprint	Biodiversity
Ecological_footprint	Ecosystem_services
Ecological_footprint	Natural_capital
Ecological_footprint	Sustainable_development
Ecological_footprint	Externality
Ecological_footprint	Ecological_economics
Ecolabel	Greenhouse_gas
Ecolabel	Sustainable_development
Ecolabel	ISO_14000
Ecolabel	Environmental_movement
Market_governance_mechanism	Sustainable_development
Renewable_energy_commercialization	Feed-in_tariff
Renewable_energy_commercialization	Clean_Tech_Nation
Renewable_energy_commercialization	American_Recovery_and_Reinvestment_Act_of_2009
Renewable_energy_commercialization	Amory_Lovins
Renewable_energy_commercialization	Greenhouse_gas
Renewable_energy_commercialization	Renewable_energy
Renewable_energy_commercialization	Fossil_fuel
Renewable_energy_commercialization	United_Nations_Environment_Programme
Renewable_energy_commercialization	World_Bank
Renewable_energy_commercialization	Efficient_energy_use
Renewable_energy_commercialization	Energy_policy
Renewable_energy_commercialization	Sustainable_energy
Surplus_value	Society
Renewable_heat	Passive_solar_building_design
Renewable_heat	Climate_change_mitigation
Renewable_heat	Energy_conservation
Renewable_heat	Renewable_energy
Renewable_heat	Renewable_energy_commercialization
Renewable_heat	Green_building
Renewable_heat	Sustainable_design
Externality	Paul_Hawken
Externality	Greenhouse_gas
Externality	Natural_Capitalism
Externality	Fossil_fuel
Externality	Economics
Externality	Pigovian_tax
Externality	Ecological_economics
Externality	Environmental_economics
Externality	Market_failure
