Mediterranean_Sea	Spain
Vicente_Blasco_Ibáñez	Albufera
Vicente_Blasco_Ibáñez	Spain
Vicente_Blasco_Ibáñez	Spanish_language
Spanish_cuisine	Spain
Spanish_cuisine	Paprika
Spanish_cuisine	Olive_oil
Spanish_cuisine	Chorizo
Spanish_cuisine	Aioli
Spanish_cuisine	Albufera
Spanish_cuisine	Fideuà
Spanish_cuisine	Tomato
Spanish_cuisine	Bean
Spanish_cuisine	Arròs_negre
Fideuà	Crustacean
Fideuà	Valencian_Community
Fideuà	Cuttlefish
Fideuà	Spain
Valencian_Community	Albufera
Valencian_Community	Spain
Valencian_Community	Moors
Valencian_Community	Mediterranean_Sea
Valencian_Community	Arròs_negre
Valencian_Community	Valencian
Valencian_Community	Vegetable
Valencian_Community	Spanish_language
Bisi_Bele_Bath	List_of_rice_dishes
Bisi_Bele_Bath	Vegetable
Saffron	Spain
Saffron	Risotto
Saffron	Biryani
Saffron	Paprika
National_dish	Valencian_Community
National_dish	Paprika
National_dish	Spain
National_dish	Latin_America
National_dish	Arroz_con_gandules
National_dish	Vegetable
National_dish	Meat
National_dish	Pilaf
National_dish	Risotto
National_dish	Biryani
National_dish	Jollof_rice
National_dish	Broth
National_dish	Thieboudienne
National_dish	Chicken_as_food
Valencian	Valencian_Community
Valencian	Spain
Valencian	Fideuà
Valencian	Spanish_language
Biryani	Meat
Biryani	Pilaf
Biryani	Garlic
Biryani	Tomato
Biryani	List_of_rice_dishes
Biryani	Saffron
Biryani	Vegetable
Biryani	Chicken_as_food
Emoji	Emojipedia
Emoji	Unicode
Mediterranean_cuisine	Saffron
Mediterranean_cuisine	Al-Andalus
Mediterranean_cuisine	Spain
Mediterranean_cuisine	Phaseolus_vulgaris
Mediterranean_cuisine	Olive_oil
Mediterranean_cuisine	Rabbit
Mediterranean_cuisine	Garlic
Mediterranean_cuisine	Tomato
Mediterranean_cuisine	Mediterranean_Sea
Mediterranean_cuisine	Risotto
Mediterranean_cuisine	Cuttlefish
Mediterranean_cuisine	Vegetable
Mediterranean_cuisine	Spanish_cuisine
Mediterranean_cuisine	Bean
Mediterranean_cuisine	Meat
Mediterranean_cuisine	Seafood
Mediterranean_cuisine	Rosemary
Mediterranean_cuisine	Artichoke
Mediterranean_cuisine	Valencian_cuisine
Vegetable	Green_bean
Vegetable	Bean
Vegetable	Phaseolus_coccineus
Vegetable	Garlic
Vegetable	Tomato
Vegetable	Old_French
Real_Academia_Española	Spain
Real_Academia_Española	Spanish_language
Nephrops_norvegicus	Mediterranean_Sea
Nephrops_norvegicus	Crustacean
Nephrops_norvegicus	Spain
Meat	Crustacean
Meat	Seafood
Meat	Chicken_as_food
Meat	Old_French
Arroz_a_la_valenciana	Valencian_Community
Arroz_a_la_valenciana	Jambalaya
Arroz_a_la_valenciana	Fideuà
Arroz_a_la_valenciana	Chicken_as_food
Arroz_a_la_valenciana	Tomato
Arroz_a_la_valenciana	Risotto
Arroz_a_la_valenciana	Latin_America
Arroz_a_la_valenciana	Arròs_negre
Arroz_a_la_valenciana	Arroz_con_pollo
Arroz_a_la_valenciana	Chorizo
Arroz_a_la_valenciana	Pilaf
Arroz_a_la_valenciana	List_of_rice_dishes
Al-Andalus	Spain
Al-Andalus	Moors
Phaseolus_coccineus	Bean
Phaseolus_coccineus	Chorizo
Phaseolus_coccineus	Phaseolus_vulgaris
Old_French	Al-Andalus
Old_French	French_language
Old_French	Old_Spanish_language
Old_French	Spanish_language
Olive_oil	Mediterranean_cuisine
Olive_oil	Spain
Olive_oil	Lent
Olive_oil	Sautéing
Hot_pot	Green_bean
Hot_pot	Garlic
Hot_pot	Cuttlefish
Hot_pot	Tomato
Hot_pot	Meat
Hot_pot	Seafood
Jamie_Oliver	Gordon_Ramsay
Aioli	Mediterranean_cuisine
Aioli	Olive_oil
Aioli	Garlic
Aioli	Green_bean
Aioli	Seafood
Aioli	Arròs_negre
Aioli	Saffron
Aioli	Artichoke
Bean	Green_bean
Bean	Phaseolus_vulgaris
Bean	Phaseolus_coccineus
Albufera	Valencian_Community
Albufera	Spain
Albufera	Eel
Rabbit	Spain
Garlic	Hot_pot
Garlic	Mediterranean_Sea
Garlic	Mediterranean_cuisine
Garlic	Olive_oil
Garlic	Rabbit
Garlic	Tomato
Garlic	Vegetable
Garlic	Aioli
Garlic	Meat
Chicken_as_food	Meat
Cuttlefish	Risotto
Cuttlefish	Spanish_cuisine
Cuttlefish	Arròs_negre
Spain	Al-Andalus
Spain	Rabbit
Spain	Valencian_Community
Spain	Spanish_language
Spain	Latin_America
Spain	Old_Spanish_language
Spain	Vegetable
Spain	Vicente_Blasco_Ibáñez
Spain	Meat
Spain	Moors
Spain	Olive_oil
Spain	Tomato
Spain	Arròs_negre
Spain	Mediterranean_Sea
Spain	Valencian
Spain	Cod
Artichoke	Vegetable
Artichoke	Aioli
Tomato	Green_bean
Tomato	Broth
Tomato	Main_course
Tomato	Garlic
Tomato	Vegetable
Tomato	Spanish_cuisine
Jollof_rice	Jambalaya
Jollof_rice	Garlic
Jollof_rice	Tomato
Jollof_rice	Thieboudienne
Jollof_rice	Pilaf
Jollof_rice	Biryani
French_language	Old_French
French_language	Spanish_language
Risotto	Saffron
Risotto	White_rice
Risotto	Cuttlefish
Risotto	Pilaf
Risotto	List_of_rice_dishes
Risotto	Broth
Green_bean	Phaseolus_coccineus
Green_bean	Phaseolus_vulgaris
Seafood	Crustacean
Seafood	Lent
Seafood	Meat
Seafood	Cuttlefish
Seafood	Cod
Seafood	Eel
Frying_pan	Sautéing
Latin_America	Spanish_language
Latin_America	French_language
Latin_America	Spain
Jambalaya	Jollof_rice
Jambalaya	Arroz_con_pollo
Jambalaya	Broth
Jambalaya	Pilaf
Jambalaya	Spanish_language
Jambalaya	Tomato
Jambalaya	Risotto
Jambalaya	Latin_America
Jambalaya	Arroz_con_gandules
Jambalaya	Spain
Jambalaya	Biryani
Jambalaya	Saffron
Jambalaya	Vegetable
Jambalaya	Spanish_cuisine
Jambalaya	Chicken_as_food
Jambalaya	Meat
Jambalaya	Seafood
Crustacean	Nephrops_norvegicus
Sautéing	Frying_pan
Sautéing	French_language
Cod	Spain
Cod	Crustacean
Arroz_con_pollo	Biryani
Arroz_con_pollo	Spain
Arroz_con_pollo	Latin_America
Arroz_con_pollo	Pilaf
Arroz_con_pollo	List_of_rice_dishes
Arroz_con_pollo	Arroz_con_gandules
Arroz_con_pollo	Sofrito
Spanish_language	Al-Andalus
Spanish_language	Spain
Spanish_language	Real_Academia_Española
Spanish_language	Old_Spanish_language
Spanish_language	French_language
Chorizo	Spain
Chorizo	Garlic
Chorizo	Paprika
Chorizo	Spanish_cuisine
Emojipedia	Unicode
Emojipedia	Emoji
Rosemary	Mediterranean_cuisine
Eel	Olive_oil
Eel	Garlic
Eel	Sautéing
Pilaf	Green_bean
Pilaf	Broth
Pilaf	Meat
Pilaf	Sofrito
Pilaf	Garlic
Pilaf	List_of_rice_dishes
Pilaf	Biryani
Pilaf	Vegetable
Pilaf	Risotto
Pilaf	Chicken_as_food
List_of_rice_dishes	Arroz_con_pollo
List_of_rice_dishes	Sofrito
List_of_rice_dishes	Arròs_negre
List_of_rice_dishes	Bisi_Bele_Bath
List_of_rice_dishes	Spain
List_of_rice_dishes	Latin_America
List_of_rice_dishes	Arroz_con_gandules
List_of_rice_dishes	Jambalaya
List_of_rice_dishes	Saffron
List_of_rice_dishes	Vegetable
List_of_rice_dishes	Meat
List_of_rice_dishes	Pilaf
List_of_rice_dishes	Cuttlefish
List_of_rice_dishes	Jollof_rice
List_of_rice_dishes	Broth
List_of_rice_dishes	Biryani
List_of_rice_dishes	Risotto
List_of_rice_dishes	Chicken_as_food
Braising	Hot_pot
Braising	French_language
Braising	Tomato
Arroz_con_gandules	Chorizo
Arroz_con_gandules	List_of_rice_dishes
Arroz_con_gandules	Broth
Arroz_con_gandules	Sofrito
Gordon_Ramsay	Jamie_Oliver
Sofrito	Olive_oil
Sofrito	Chorizo
Sofrito	Spanish_cuisine
Sofrito	Garlic
Sofrito	Tomato
Sofrito	Paprika
Sofrito	Braising
Sofrito	Sautéing
Phaseolus_vulgaris	Bean
Phaseolus_vulgaris	Casserole
Phaseolus_vulgaris	Green_bean
Phaseolus_vulgaris	Phaseolus_coccineus
Arròs_negre	Valencian_Community
Arròs_negre	White_rice
Arròs_negre	Olive_oil
Arròs_negre	Aioli
Arròs_negre	Garlic
Arròs_negre	Cuttlefish
Arròs_negre	Spain
Arròs_negre	Seafood
Arròs_negre	Spanish_language
Arròs_negre	Paprika
Arròs_negre	List_of_rice_dishes
Arròs_negre	Broth
Arròs_negre	Main_course
Arròs_negre	Valencian_cuisine
Main_course	Meat
Moors	Al-Andalus
Moors	Spain
Moors	French_language
Moors	Spanish_language
Casserole	Vegetable
Casserole	Hot_pot
Casserole	Green_bean
Casserole	Chicken_as_food
Casserole	French_language
Casserole	Braising
Unicode	Emoji
Southwestern_water_vole	Spain
Bomba_rice	Spain
Bomba_rice	Valencian_cuisine
Old_Spanish_language	Spain
Old_Spanish_language	Valencian
Old_Spanish_language	Latin_America
Old_Spanish_language	Old_French
Old_Spanish_language	Spanish_language
Broth	Vegetable
Broth	Meat
Valencian_cuisine	Fideuà
Valencian_cuisine	Valencian_Community
Valencian_cuisine	Arròs_negre
Valencian_cuisine	Mediterranean_cuisine
Valencian_cuisine	Vegetable
Valencian_cuisine	Aioli
Valencian_cuisine	Albufera
Valencian_cuisine	Garlic
Valencian_cuisine	Spain
Valencian_cuisine	Meat
Valencian_cuisine	Seafood
Valencian_cuisine	Arroz_a_la_valenciana
